Year,NOC,Medal_Info_x,Medal_Info_y
1896,AUS,,
1896,AUT,,
1896,DEN,,
1896,FRA,,
1896,GBR,,
1896,GER,,
1896,GRE,,
1896,HUN,,
1896,ITA,,
1896,SUI,,
1896,SWE,,
1896,USA,,
1900,ARG,,
1900,AUS,,
1900,AUT,,
1900,BEL,,
1900,BOH,,
1900,BRA,,
1900,CAN,,
1900,COL,,
1900,CUB,,
1900,DEN,,
1900,ESP,,
1900,FRA,,
1900,GBR,,
1900,GER,,
1900,GRE,,
1900,HAI,,
1900,HUN,,
1900,IND,,
1900,IRI,,
1900,ITA,,"在Cycling_Men's_Points_Race项目中获得Gold奖牌；在Fencing_Men's_Sabre,_Masters,_Individual项目中获得Gold奖牌；在Fencing_Men's_Sabre,_Masters,_Individual项目中获得Silver奖牌；在Equestrianism_Mixed_High_Jump项目中获得Gold奖牌；在Equestrianism_Mixed_Long_Jump项目中获得Silver奖牌"
1900,LUX,,
1900,MEX,,
1900,NED,,
1900,NOR,,
1900,NZL,,
1900,PER,,
1900,ROU,,
1900,RUS,,
1900,SUI,,
1900,SWE,,在Tug_Of_War_Men's_Tug_Of_War项目中获得Gold奖牌；在Athletics_Men's_Marathon项目中获得Bronze奖牌
1900,USA,,
1904,AUS,,
1904,AUT,,
1904,CAN,,
1904,CUB,,
1904,FRA,,
1904,GBR,,
1904,GER,,
1904,GRE,,
1904,HUN,,
1904,ITA,,
1904,NFL,,
1904,NOR,,
1904,RSA,,
1904,SUI,,
1904,USA,,
1906,AUS,,
1906,AUT,,
1906,BEL,,
1906,BOH,,
1906,CAN,,
1906,CRT,,
1906,DEN,,
1906,EGY,,
1906,FIN,,
1906,FRA,,
1906,GBR,,
1906,GER,,
1906,GRE,,
1906,HUN,,
1906,ITA,,
1906,NED,,
1906,NOR,,
1906,SUI,,
1906,SWE,,
1906,TUR,,
1906,USA,,
1908,ANZ,,
1908,ARG,,
1908,AUT,,
1908,BEL,,
1908,BOH,,
1908,CAN,,
1908,DEN,,
1908,FIN,,
1908,FRA,,
1908,GBR,,
1908,GER,,
1908,GRE,,
1908,HUN,,
1908,ISL,,
1908,ITA,,
1908,NED,,
1908,NOR,,
1908,RSA,,在Athletics_Men's_Marathon项目中获得Silver奖牌；在Athletics_Men's_100_metres项目中获得Gold奖牌
1908,RUS,,"在Figure_Skating_Men's_Special_Figures项目中获得Gold奖牌；在Wrestling_Men's_Lightweight,_Greco_Roman项目中获得Silver奖牌；在Wrestling_Men's_Heavyweight,_Greco_Roman项目中获得Silver奖牌"
1908,SUI,,
1908,SWE,,
1908,USA,,
1912,ANZ,,
1912,AUT,,
1912,BEL,,
1912,BOH,,
1912,CAN,,
1912,CHI,,
1912,DEN,,
1912,FIN,,
1912,FRA,,
1912,GBR,,
1912,GER,,
1912,GRE,,
1912,HUN,,
1912,ISL,,
1912,ITA,,
1912,JPN,,
1912,LUX,,
1912,NED,,
1912,NOR,,
1912,POL,,
1912,POR,,
1912,RSA,,
1912,RUS,,
1912,SRB,,
1912,SUI,,
1912,SWE,,
1912,TUR,,
1912,UNK,,
1912,USA,,
1920,ARG,,
1920,AUS,,
1920,BEL,,
1920,BRA,,"在Shooting_Men's_Free_Pistol,_50_metres,_Team项目中获得Bronze奖牌；在Shooting_Men's_Free_Pistol,_50_metres项目中获得Silver奖牌；在Shooting_Men's_Military_Pistol,_30_metres项目中获得Gold奖牌"
1920,CAN,,
1920,CHI,,
1920,DEN,,
1920,EGY,,
1920,ESP,,
1920,EST,,
1920,FIN,,
1920,FRA,,
1920,GBR,,
1920,GRE,,
1920,IND,,
1920,ITA,,
1920,JPN,,在Tennis_Men's_Doubles项目中获得Silver奖牌；在Tennis_Men's_Singles项目中获得Silver奖牌
1920,LUX,,
1920,MON,,
1920,NED,,
1920,NOR,,
1920,NZL,,
1920,POR,,
1920,RSA,,
1920,SUI,,
1920,SWE,,
1920,TCH,,
1920,USA,,
1920,YUG,,
1924,ARG,,在Polo_Men's_Polo项目中获得Gold奖牌；在Boxing_Men's_Heavyweight项目中获得Bronze奖牌；在Boxing_Men's_Featherweight项目中获得Bronze奖牌；在Boxing_Men's_Welterweight项目中获得Silver奖牌；在Athletics_Men's_Triple_Jump项目中获得Silver奖牌；在Boxing_Men's_Lightweight项目中获得Silver奖牌
1924,AUS,,
1924,AUT,,
1924,BEL,,
1924,BRA,,
1924,BUL,,
1924,CAN,,
1924,CHI,,
1924,CUB,,
1924,DEN,,
1924,ECU,,
1924,EGY,,
1924,ESP,,
1924,EST,,
1924,FIN,,
1924,FRA,,
1924,GBR,,
1924,GRE,,
1924,HAI,,
1924,HUN,,
1924,IND,,
1924,IRL,,
1924,ITA,,
1924,JPN,,
1924,LAT,,
1924,LTU,,
1924,LUX,,
1924,MEX,,
1924,MON,,在Art_Competitions_Mixed_Architecture项目中获得Bronze奖牌
1924,NED,,
1924,NOR,,
1924,NZL,,
1924,PHI,,
1924,POL,,"在Cycling_Men's_Team_Pursuit,_4,000_metres项目中获得Silver奖牌；在Equestrianism_Men's_Jumping,_Individual项目中获得Bronze奖牌"
1924,POR,,"在Equestrianism_Men's_Jumping,_Team项目中获得Bronze奖牌"
1924,ROU,,在Rugby_Men's_Rugby项目中获得Bronze奖牌
1924,RSA,,
1924,RUS,,
1924,SUI,,
1924,SWE,,
1924,TCH,,
1924,TUR,,
1924,URU,,
1924,USA,,
1924,YUG,,在Gymnastics_Men's_Individual_All_Around项目中获得Gold奖牌；在Gymnastics_Men's_Horizontal_Bar项目中获得Gold奖牌
1928,ARG,,
1928,AUS,,
1928,AUT,,
1928,BEL,,
1928,BUL,,
1928,CAN,,
1928,CHI,,在Athletics_Men's_Marathon项目中获得Silver奖牌
1928,CUB,,
1928,DEN,,
1928,EGY,,"在Wrestling_Men's_Light_Heavyweight,_Greco_Roman项目中获得Gold奖牌；在Diving_Men's_Springboard项目中获得Bronze奖牌；在Diving_Men's_Platform项目中获得Silver奖牌；在Weightlifting_Men's_Light_Heavyweight项目中获得Gold奖牌"
1928,ESP,,
1928,EST,,
1928,FIN,,
1928,FRA,,
1928,GBR,,
1928,GER,,
1928,GRE,,
1928,HAI,,
1928,HUN,,
1928,IND,,
1928,IRL,,
1928,ITA,,
1928,JPN,,
1928,LAT,,
1928,LTU,,
1928,LUX,,
1928,MEX,,
1928,MLT,,
1928,MON,,
1928,NED,,
1928,NOR,,
1928,NZL,,
1928,PAN,,
1928,PHI,,在Swimming_Men's_200_metres_Breaststroke项目中获得Bronze奖牌
1928,POL,,
1928,POR,,
1928,ROU,,
1928,RSA,,
1928,SUI,,
1928,SWE,,
1928,TCH,,
1928,TUR,,
1928,URU,,
1928,USA,,
1928,YUG,,
1928,ZIM,,
1932,ARG,,
1932,AUS,,
1932,AUT,,
1932,BEL,,
1932,BRA,,
1932,BUL,,
1932,CAN,,
1932,CHN,,
1932,COL,,
1932,CUB,,
1932,DEN,,
1932,ESA,,
1932,ESP,,
1932,EST,,
1932,FIN,,
1932,FRA,,
1932,GBR,,
1932,GER,,
1932,GRE,,
1932,GUA,,
1932,HAI,,
1932,HUN,,
1932,IND,,
1932,IRL,,
1932,ITA,,
1932,JPN,,
1932,LAT,,在Athletics_Men's_50_kilometres_Walk项目中获得Silver奖牌
1932,LUX,,
1932,MEX,,
1932,MON,,
1932,NED,,
1932,NOR,,
1932,NZL,,
1932,PER,,
1932,PHI,,
1932,POL,,
1932,POR,,
1932,ROU,,
1932,RSA,,
1932,SUI,,
1932,SWE,,
1932,TCH,,
1932,TUR,,
1932,URU,,
1932,USA,,
1932,VEN,,
1932,YUG,,
1936,AFG,,
1936,ARG,,
1936,AUS,,
1936,AUT,,
1936,BEL,,
1936,BER,,
1936,BOL,,
1936,BRA,,
1936,BUL,,
1936,CAN,,
1936,CHI,,
1936,CHN,,
1936,COL,,
1936,CRC,,
1936,DEN,,
1936,EGY,,
1936,EST,,
1936,FIN,,
1936,FRA,,
1936,GBR,,
1936,GER,,
1936,GRE,,
1936,HUN,,
1936,IND,,
1936,ISL,,
1936,ITA,,
1936,JPN,,
1936,LAT,,
1936,LIE,,
1936,LUX,,
1936,MEX,,
1936,MLT,,
1936,MON,,
1936,NED,,
1936,NOR,,
1936,NZL,,
1936,PER,,
1936,PHI,,
1936,POL,,
1936,POR,,
1936,ROU,,
1936,RSA,,
1936,SUI,,
1936,SWE,,
1936,TCH,,
1936,TUR,,"在Wrestling_Men's_Middleweight,_Freestyle项目中获得Bronze奖牌；在Wrestling_Men's_Featherweight,_Greco_Roman项目中获得Gold奖牌"
1936,URU,,
1936,USA,,
1936,YUG,,
1948,AFG,,
1948,ARG,,
1948,AUS,,
1948,AUT,,
1948,BEL,,
1948,BER,,
1948,BRA,,
1948,CAN,,
1948,CHI,,
1948,CHN,,
1948,COL,,
1948,CUB,,
1948,DEN,,
1948,EGY,,
1948,ESP,,
1948,FIN,,
1948,FRA,,
1948,GBR,,
1948,GRE,,
1948,GUY,,
1948,HUN,,
1948,IND,,
1948,IRI,,在Weightlifting_Men's_Featherweight项目中获得Bronze奖牌
1948,IRL,,
1948,IRQ,,
1948,ISL,,
1948,ITA,,
1948,JAM,,
1948,KOR,,
1948,LIB,,
1948,LIE,,
1948,LUX,,
1948,MEX,,
1948,MLT,,
1948,MON,,
1948,MYA,,
1948,NED,,
1948,NOR,,
1948,NZL,,
1948,PAK,,
1948,PAN,,在Athletics_Men's_100_metres项目中获得Bronze奖牌；在Athletics_Men's_200_metres项目中获得Bronze奖牌
1948,PER,,"在Shooting_Men's_Free_Pistol,_50_metres项目中获得Gold奖牌"
1948,PHI,,
1948,POL,,
1948,POR,,
1948,PUR,,
1948,RSA,,
1948,SGP,,
1948,SRI,,
1948,SUI,,
1948,SWE,,
1948,SYR,,
1948,TCH,,
1948,TTO,,
1948,TUR,,
1948,URU,,
1948,USA,,
1948,VEN,,
1948,YUG,,
1952,AHO,,
1952,ARG,,
1952,AUS,,
1952,AUT,,
1952,BAH,,
1952,BEL,,
1952,BER,,
1952,BRA,,
1952,BUL,,在Boxing_Men's_Middleweight项目中获得Bronze奖牌
1952,CAN,,
1952,CHI,,
1952,CHN,,
1952,CUB,,
1952,DEN,,
1952,EGY,,
1952,ESP,,
1952,FIN,,
1952,FRA,,
1952,GBR,,
1952,GER,,
1952,GHA,,
1952,GRE,,
1952,GUA,,
1952,GUY,,
1952,HKG,,
1952,HUN,,
1952,INA,,
1952,IND,,
1952,IRI,,
1952,IRL,,
1952,ISL,,
1952,ISR,,
1952,ITA,,
1952,JAM,,
1952,JPN,,
1952,KOR,,
1952,LIB,,"在Wrestling_Men's_Bantamweight,_Greco_Roman项目中获得Silver奖牌；在Wrestling_Men's_Welterweight,_Greco_Roman项目中获得Bronze奖牌"
1952,LIE,,
1952,LUX,,
1952,MEX,,
1952,MON,,
1952,MYA,,
1952,NED,,
1952,NGR,,
1952,NOR,,
1952,NZL,,
1952,PAK,,
1952,PAN,,
1952,PHI,,
1952,POL,,
1952,POR,,
1952,PUR,,
1952,ROU,,
1952,RSA,,
1952,SAA,,
1952,SGP,,
1952,SRI,,
1952,SUI,,
1952,SWE,,
1952,TCH,,
1952,THA,,
1952,TTO,,
1952,TUR,,
1952,URS,,
1952,URU,,
1952,USA,,
1952,VEN,,在Athletics_Men's_Triple_Jump项目中获得Bronze奖牌
1952,VNM,,
1952,YUG,,
1956,AFG,,
1956,ARG,,
1956,AUS,,
1956,AUT,,
1956,BAH,,在Sailing_Mixed_Two_Person_Keelboat项目中获得Bronze奖牌
1956,BEL,,
1956,BER,,
1956,BRA,,
1956,BUL,,
1956,CAM,,
1956,CAN,,
1956,CHI,,
1956,COL,,
1956,CUB,,
1956,DEN,,
1956,EGY,,
1956,ESP,,
1956,ETH,,
1956,FIJ,,
1956,FIN,,
1956,FRA,,
1956,GBR,,
1956,GER,,
1956,GRE,,
1956,GUY,,
1956,HKG,,
1956,HUN,,
1956,INA,,
1956,IND,,
1956,IRI,,
1956,IRL,,
1956,ISL,,在Athletics_Men's_Triple_Jump项目中获得Silver奖牌
1956,ISR,,
1956,ITA,,
1956,JAM,,
1956,JPN,,
1956,KEN,,
1956,KOR,,
1956,LBR,,
1956,LUX,,
1956,MAL,,
1956,MEX,,
1956,MYA,,
1956,NBO,,
1956,NED,,
1956,NGR,,
1956,NOR,,
1956,NZL,,
1956,PAK,,在Hockey_Men's_Hockey项目中获得Silver奖牌
1956,PER,,
1956,PHI,,
1956,POL,,
1956,POR,,
1956,PUR,,
1956,ROU,,
1956,RSA,,
1956,SGP,,
1956,SRI,,
1956,SUI,,
1956,SWE,,
1956,TCH,,
1956,THA,,
1956,TPE,,
1956,TTO,,
1956,TUR,,
1956,UGA,,
1956,URS,,
1956,URU,,
1956,USA,,
1956,VEN,,
1956,VNM,,
1956,YUG,,
1960,AFG,,
1960,AHO,,
1960,ARG,,
1960,AUS,,
1960,AUT,,
1960,BAH,,
1960,BEL,,
1960,BER,,
1960,BRA,,
1960,BUL,,
1960,CAN,,
1960,CHI,,
1960,COL,,
1960,CUB,,
1960,DEN,,
1960,ESP,,
1960,ETH,,在Athletics_Men's_Marathon项目中获得Gold奖牌
1960,FIJ,,
1960,FIN,,
1960,FRA,,
1960,GBR,,
1960,GER,,
1960,GHA,,在Boxing_Men's_Light_Welterweight项目中获得Silver奖牌
1960,GRE,,
1960,GUY,,
1960,HAI,,
1960,HKG,,
1960,HUN,,
1960,INA,,
1960,IND,,
1960,IRI,,
1960,IRL,,
1960,IRQ,,在Weightlifting_Men's_Lightweight项目中获得Bronze奖牌
1960,ISL,,
1960,ISR,,
1960,ITA,,
1960,JPN,,
1960,KEN,,
1960,KOR,,
1960,LBR,,
1960,LIB,,
1960,LIE,,
1960,LUX,,
1960,MAL,,
1960,MAR,,
1960,MEX,,
1960,MLT,,
1960,MON,,
1960,MYA,,
1960,NED,,
1960,NGR,,
1960,NOR,,
1960,NZL,,
1960,PAK,,
1960,PAN,,
1960,PER,,
1960,PHI,,
1960,POL,,
1960,POR,,
1960,PUR,,
1960,RHO,,
1960,ROU,,
1960,RSA,,
1960,SGP,,在Weightlifting_Men's_Lightweight项目中获得Silver奖牌
1960,SMR,,
1960,SRI,,
1960,SUD,,
1960,SUI,,
1960,SWE,,
1960,TCH,,
1960,THA,,
1960,TPE,,在Athletics_Men's_Decathlon项目中获得Silver奖牌
1960,TUN,,
1960,TUR,,
1960,UAR,,
1960,UGA,,
1960,URS,,
1960,URU,,
1960,USA,,
1960,VEN,,
1960,VNM,,
1960,WIF,,
1960,YUG,,
1960,ZIM,,
1964,AFG,,
1964,AHO,,
1964,ALG,,
1964,ARG,,
1964,AUS,,
1964,AUT,,
1964,BAH,,
1964,BEL,,
1964,BER,,
1964,BOL,,
1964,BRA,,
1964,BUL,,
1964,CAM,,
1964,CAN,,
1964,CGO,,
1964,CHA,,
1964,CHI,,
1964,CIV,,
1964,CMR,,
1964,COL,,
1964,CRC,,
1964,CUB,,
1964,DEN,,
1964,DOM,,
1964,EGY,,
1964,ESP,,
1964,ETH,,
1964,FIN,,
1964,FRA,,
1964,GBR,,
1964,GER,,
1964,GHA,,
1964,GRE,,
1964,GUY,,
1964,HKG,,
1964,HUN,,
1964,IND,,
1964,IRI,,
1964,IRL,,
1964,IRQ,,
1964,ISL,,
1964,ISR,,
1964,ITA,,
1964,JAM,,
1964,JPN,,
1964,KEN,,在Athletics_Men's_800_metres项目中获得Bronze奖牌
1964,KOR,,
1964,LBR,,
1964,LIB,,
1964,LIE,,
1964,LUX,,
1964,MAD,,
1964,MAR,,
1964,MAS,,
1964,MEX,,
1964,MGL,,
1964,MLI,,
1964,MON,,
1964,MYA,,
1964,NED,,
1964,NEP,,
1964,NGR,,在Boxing_Men's_Light_Middleweight项目中获得Bronze奖牌
1964,NIG,,
1964,NOR,,
1964,NZL,,
1964,PAK,,
1964,PAN,,
1964,PER,,
1964,PHI,,
1964,POL,,
1964,POR,,
1964,PUR,,
1964,ROU,,
1964,SEN,,
1964,SRI,,
1964,SUI,,
1964,SWE,,
1964,TAN,,
1964,TCH,,
1964,THA,,
1964,TPE,,
1964,TTO,,
1964,TUN,,"在Boxing_Men's_Light_Welterweight项目中获得Bronze奖牌；在Athletics_Men's_10,000_metres项目中获得Silver奖牌"
1964,TUR,,
1964,UGA,,
1964,URS,,
1964,URU,,
1964,USA,,
1964,VEN,,
1964,VNM,,
1964,YUG,,
1964,ZAM,,
1964,ZIM,,
1968,AFG,,
1968,AHO,,
1968,ALG,,
1968,ARG,,
1968,AUS,,
1968,AUT,,
1968,BAH,,
1968,BAR,,
1968,BEL,,
1968,BER,,
1968,BIZ,,
1968,BOL,,
1968,BRA,,
1968,BUL,,
1968,CAF,,
1968,CAN,,
1968,CHA,,
1968,CHI,,
1968,CIV,,
1968,CMR,,在Boxing_Men's_Welterweight项目中获得Silver奖牌
1968,COD,,
1968,COL,,
1968,CRC,,
1968,CUB,,
1968,DEN,,
1968,DOM,,
1968,ECU,,
1968,EGY,,
1968,ESA,,
1968,ESP,,
1968,ETH,,
1968,FIJ,,
1968,FIN,,
1968,FRA,,
1968,FRG,,
1968,GBR,,
1968,GDR,,
1968,GHA,,
1968,GRE,,
1968,GUA,,
1968,GUI,,
1968,GUY,,
1968,HKG,,
1968,HON,,
1968,HUN,,
1968,INA,,
1968,IND,,
1968,IRI,,
1968,IRL,,
1968,IRQ,,
1968,ISL,,
1968,ISR,,
1968,ISV,,
1968,ITA,,
1968,JAM,,
1968,JPN,,
1968,KEN,,
1968,KOR,,
1968,KUW,,
1968,LBA,,
1968,LIB,,
1968,LIE,,
1968,LUX,,
1968,MAD,,
1968,MAR,,
1968,MAS,,
1968,MEX,,
1968,MGL,,"在Wrestling_Men's_Welterweight,_Freestyle项目中获得Bronze奖牌；在Wrestling_Men's_Lightweight,_Freestyle项目中获得Bronze奖牌；在Wrestling_Men's_Middleweight,_Freestyle项目中获得Silver奖牌；在Wrestling_Men's_Flyweight,_Freestyle项目中获得Bronze奖牌"
1968,MLI,,
1968,MLT,,
1968,MON,,
1968,MYA,,
1968,NCA,,
1968,NED,,
1968,NGR,,
1968,NIG,,
1968,NOR,,
1968,NZL,,
1968,PAK,,
1968,PAN,,
1968,PAR,,
1968,PER,,
1968,PHI,,
1968,POL,,
1968,POR,,
1968,PUR,,
1968,ROU,,
1968,SEN,,
1968,SGP,,
1968,SLE,,
1968,SMR,,
1968,SRI,,
1968,SUD,,
1968,SUI,,
1968,SUR,,
1968,SWE,,
1968,SYR,,
1968,TAN,,
1968,TCH,,
1968,THA,,
1968,TPE,,
1968,TTO,,
1968,TUN,,
1968,TUR,,
1968,UGA,,在Boxing_Men's_Bantamweight项目中获得Silver奖牌；在Boxing_Men's_Flyweight项目中获得Bronze奖牌
1968,URS,,
1968,URU,,
1968,USA,,
1968,VEN,,
1968,VNM,,
1968,YUG,,
1968,ZAM,,
1972,AFG,,
1972,AHO,,
1972,ALB,,
1972,ALG,,
1972,ARG,,
1972,AUS,,
1972,AUT,,
1972,BAH,,
1972,BAR,,
1972,BEL,,
1972,BEN,,
1972,BER,,
1972,BIZ,,
1972,BOL,,
1972,BRA,,
1972,BUL,,
1972,BUR,,
1972,CAM,,
1972,CAN,,
1972,CGO,,
1972,CHA,,
1972,CHI,,
1972,CIV,,
1972,CMR,,
1972,COL,,
1972,CRC,,
1972,CUB,,
1972,DEN,,
1972,DOM,,
1972,ECU,,
1972,EGY,,
1972,ESA,,
1972,ESP,,
1972,ETH,,
1972,FIJ,,
1972,FIN,,
1972,FRA,,
1972,FRG,,
1972,GAB,,
1972,GBR,,
1972,GDR,,
1972,GHA,,
1972,GRE,,
1972,GUA,,
1972,GUY,,
1972,HAI,,
1972,HKG,,
1972,HUN,,
1972,INA,,
1972,IND,,
1972,IRI,,
1972,IRL,,
1972,ISL,,
1972,ISR,,
1972,ISV,,
1972,ITA,,
1972,JAM,,
1972,JPN,,
1972,KEN,,
1972,KOR,,
1972,KSA,,
1972,KUW,,
1972,LBR,,
1972,LES,,
1972,LIB,,
1972,LIE,,
1972,LUX,,
1972,MAD,,
1972,MAR,,
1972,MAS,,
1972,MAW,,
1972,MEX,,
1972,MGL,,
1972,MLI,,
1972,MLT,,
1972,MON,,
1972,MYA,,
1972,NCA,,
1972,NED,,
1972,NEP,,
1972,NGR,,
1972,NIG,,在Boxing_Men's_Light_Welterweight项目中获得Bronze奖牌
1972,NOR,,
1972,NZL,,
1972,PAK,,
1972,PAN,,
1972,PAR,,
1972,PER,,
1972,PHI,,
1972,POL,,
1972,POR,,
1972,PRK,,
1972,PUR,,
1972,ROU,,
1972,SEN,,
1972,SGP,,
1972,SMR,,
1972,SOM,,
1972,SRI,,
1972,SUD,,
1972,SUI,,
1972,SUR,,
1972,SWE,,
1972,SWZ,,
1972,SYR,,
1972,TAN,,
1972,TCH,,
1972,THA,,
1972,TOG,,
1972,TPE,,
1972,TTO,,
1972,TUN,,
1972,TUR,,
1972,UGA,,
1972,URS,,
1972,URU,,
1972,USA,,
1972,VEN,,
1972,VNM,,
1972,YUG,,
1972,ZAM,,
1976,AHO,,
1976,AND,,
1976,ANT,,
1976,ARG,,
1976,AUS,,
1976,AUT,,
1976,BAH,,
1976,BAR,,
1976,BEL,,
1976,BER,,在Boxing_Men's_Heavyweight项目中获得Bronze奖牌
1976,BIZ,,
1976,BOL,,
1976,BRA,,
1976,BUL,,
1976,CAN,,
1976,CAY,,
1976,CHI,,
1976,CIV,,
1976,CMR,,
1976,COL,,
1976,CRC,,
1976,CUB,,
1976,DEN,,
1976,DOM,,
1976,ECU,,
1976,EGY,,
1976,ESP,,
1976,FIJ,,
1976,FIN,,
1976,FRA,,
1976,FRG,,
1976,GBR,,
1976,GDR,,
1976,GRE,,
1976,GUA,,
1976,HAI,,
1976,HKG,,
1976,HON,,
1976,HUN,,
1976,INA,,
1976,IND,,
1976,IRI,,
1976,IRL,,
1976,ISL,,
1976,ISR,,
1976,ISV,,
1976,ITA,,
1976,JAM,,
1976,JPN,,
1976,KOR,,
1976,KSA,,
1976,KUW,,
1976,LIB,,
1976,LIE,,
1976,LUX,,
1976,MAR,,
1976,MAS,,
1976,MEX,,
1976,MGL,,
1976,MON,,
1976,NCA,,
1976,NED,,
1976,NEP,,
1976,NOR,,
1976,NZL,,
1976,PAK,,
1976,PAN,,
1976,PAR,,
1976,PER,,
1976,PHI,,
1976,PNG,,
1976,POL,,
1976,POR,,
1976,PRK,,
1976,PUR,,
1976,ROU,,
1976,SEN,,
1976,SGP,,
1976,SMR,,
1976,SUI,,
1976,SUR,,
1976,SWE,,
1976,TCH,,
1976,THA,,在Boxing_Men's_Light_Flyweight项目中获得Bronze奖牌
1976,TTO,,
1976,TUN,,
1976,TUR,,
1976,URS,,
1976,URU,,
1976,USA,,
1976,VEN,,
1976,YUG,,
1980,AFG,,
1980,ALG,,
1980,AND,,
1980,ANG,,
1980,AUS,,
1980,AUT,,
1980,BEL,,
1980,BEN,,
1980,BOT,,
1980,BRA,,
1980,BUL,,
1980,CGO,,
1980,CMR,,
1980,COL,,
1980,CRC,,
1980,CUB,,
1980,CYP,,
1980,DEN,,
1980,DOM,,
1980,ECU,,
1980,ESP,,
1980,ETH,,
1980,FIN,,
1980,FRA,,
1980,GBR,,
1980,GDR,,
1980,GRE,,
1980,GUA,,
1980,GUI,,
1980,GUY,,在Boxing_Men's_Bantamweight项目中获得Bronze奖牌
1980,HUN,,
1980,IND,,
1980,IRL,,
1980,IRQ,,
1980,ISL,,
1980,ITA,,
1980,JAM,,
1980,JOR,,
1980,KUW,,
1980,LAO,,
1980,LBA,,
1980,LES,,
1980,LIB,,
1980,LUX,,
1980,MAD,,
1980,MEX,,
1980,MGL,,
1980,MLI,,
1980,MLT,,
1980,MOZ,,
1980,MYA,,
1980,NCA,,
1980,NED,,
1980,NEP,,
1980,NGR,,
1980,NZL,,
1980,PER,,
1980,POL,,
1980,POR,,
1980,PRK,,
1980,PUR,,
1980,ROU,,
1980,SEN,,
1980,SEY,,
1980,SLE,,
1980,SMR,,
1980,SRI,,
1980,SUI,,
1980,SWE,,
1980,SYR,,
1980,TAN,,"在Athletics_Men's_3,000_metres_Steeplechase项目中获得Silver奖牌；在Athletics_Men's_5,000_metres项目中获得Silver奖牌"
1980,TCH,,
1980,TTO,,
1980,UGA,,
1980,URS,,
1980,VEN,,
1980,VIE,,
1980,YUG,,
1980,ZAM,,
1980,ZIM,,在Hockey_Women's_Hockey项目中获得Gold奖牌
1984,AHO,,
1984,ALG,,在Boxing_Men's_Light_Heavyweight项目中获得Bronze奖牌；在Boxing_Men's_Middleweight项目中获得Bronze奖牌
1984,AND,,
1984,ANT,,
1984,ARG,,
1984,AUS,,
1984,AUT,,
1984,BAH,,
1984,BAN,,
1984,BAR,,
1984,BEL,,
1984,BEN,,
1984,BER,,
1984,BHU,,
1984,BIZ,,
1984,BOL,,
1984,BOT,,
1984,BRA,,
1984,BRN,,
1984,CAF,,
1984,CAN,,
1984,CAY,,
1984,CGO,,
1984,CHA,,
1984,CHI,,
1984,CHN,,"在Volleyball_Women's_Volleyball项目中获得Gold奖牌；在Gymnastics_Women's_Team_All_Around项目中获得Bronze奖牌；在Shooting_Men's_Running_Target,_50_metres项目中获得Bronze奖牌；在Fencing_Women's_Foil,_Individual项目中获得Gold奖牌；在Gymnastics_Men's_Horse_Vault项目中获得Gold奖牌；在Handball_Women's_Handball项目中获得Bronze奖牌；在Gymnastics_Men's_Team_All_Around项目中获得Silver奖牌；在Gymnastics_Men's_Floor_Exercise项目中获得Silver奖牌；在Basketball_Women's_Basketball项目中获得Bronze奖牌；在Gymnastics_Men's_Horizontal_Bar项目中获得Silver奖牌；在Diving_Men's_Springboard项目中获得Silver奖牌；在Gymnastics_Women's_Uneven_Bars项目中获得Gold奖牌；在Shooting_Men's_Free_Pistol,_50_metres项目中获得Bronze奖牌；在Shooting_Men's_Free_Pistol,_50_metres项目中获得Gold奖牌；在Weightlifting_Men's_Bantamweight项目中获得Gold奖牌；在Shooting_Women's_Air_Rifle,_10_metres项目中获得Bronze奖牌；在Shooting_Women's_Small_Bore_Rifle,_Three_Positions,_50_metres项目中获得Gold奖牌；在Weightlifting_Men's_Flyweight项目中获得Gold奖牌；在Weightlifting_Men's_Lightweight项目中获得Gold奖牌；在Athletics_Men's_High_Jump项目中获得Bronze奖牌；在Diving_Women's_Platform项目中获得Gold奖牌；在Weightlifting_Men's_Flyweight项目中获得Silver奖牌；在Weightlifting_Men's_Featherweight项目中获得Gold奖牌；在Shooting_Men's_Running_Target,_50_metres项目中获得Gold奖牌；在Gymnastics_Men's_Rings项目中获得Gold奖牌；在Gymnastics_Men's_Pommelled_Horse项目中获得Gold奖牌；在Diving_Men's_Platform项目中获得Bronze奖牌；在Archery_Women's_Individual项目中获得Silver奖牌；在Gymnastics_Men's_Individual_All_Around项目中获得Bronze奖牌；在Gymnastics_Men's_Floor_Exercise项目中获得Gold奖牌；在Gymnastics_Men's_Horse_Vault项目中获得Silver奖牌；在Weightlifting_Men's_Bantamweight项目中获得Silver奖牌"
1984,CIV,,在Athletics_Men's_400_metres项目中获得Silver奖牌
1984,CMR,,
1984,COD,,
1984,COL,,
1984,CRC,,
1984,CYP,,
1984,DEN,,
1984,DJI,,
1984,DOM,,在Boxing_Men's_Bantamweight项目中获得Bronze奖牌
1984,ECU,,
1984,EGY,,
1984,ESA,,
1984,ESP,,
1984,FIJ,,
1984,FIN,,
1984,FRA,,
1984,FRG,,
1984,GAB,,
1984,GAM,,
1984,GBR,,
1984,GEQ,,
1984,GHA,,
1984,GRE,,
1984,GRN,,
1984,GUA,,
1984,GUI,,
1984,GUY,,
1984,HAI,,
1984,HKG,,
1984,HON,,
1984,INA,,
1984,IND,,
1984,IRL,,
1984,IRQ,,
1984,ISL,,
1984,ISR,,
1984,ISV,,
1984,ITA,,
1984,IVB,,
1984,JAM,,
1984,JOR,,
1984,JPN,,
1984,KEN,,
1984,KOR,,
1984,KSA,,
1984,KUW,,
1984,LBR,,
1984,LES,,
1984,LIB,,
1984,LIE,,
1984,LUX,,
1984,MAD,,
1984,MAR,,
1984,MAS,,
1984,MAW,,
1984,MEX,,
1984,MLI,,
1984,MLT,,
1984,MON,,
1984,MOZ,,
1984,MRI,,
1984,MTN,,
1984,MYA,,
1984,NCA,,
1984,NED,,
1984,NEP,,
1984,NGR,,
1984,NIG,,
1984,NOR,,
1984,NZL,,
1984,OMA,,
1984,PAK,,
1984,PAN,,
1984,PAR,,
1984,PER,,
1984,PHI,,
1984,PNG,,
1984,POR,,
1984,PUR,,
1984,QAT,,
1984,ROU,,
1984,RWA,,
1984,SAM,,
1984,SEN,,
1984,SEY,,
1984,SGP,,
1984,SLE,,
1984,SMR,,
1984,SOL,,
1984,SOM,,
1984,SRI,,
1984,SUD,,
1984,SUI,,
1984,SUR,,
1984,SWE,,
1984,SWZ,,
1984,SYR,,"在Wrestling_Men's_Heavyweight,_Freestyle项目中获得Silver奖牌"
1984,TAN,,
1984,TGA,,
1984,THA,,
1984,TOG,,
1984,TPE,,
1984,TTO,,
1984,TUN,,
1984,TUR,,
1984,UAE,,
1984,UGA,,
1984,URU,,
1984,USA,,
1984,VEN,,
1984,YAR,,
1984,YUG,,
1984,ZAM,,在Boxing_Men's_Light_Flyweight项目中获得Bronze奖牌
1984,ZIM,,
1988,AFG,,
1988,AHO,,在Sailing_Mixed_Windsurfer项目中获得Silver奖牌
1988,ALG,,
1988,AND,,
1988,ANG,,
1988,ANT,,
1988,ARG,,
1988,ARU,,
1988,ASA,,
1988,AUS,,
1988,AUT,,
1988,BAH,,
1988,BAN,,
1988,BAR,,
1988,BEL,,
1988,BEN,,
1988,BER,,
1988,BHU,,
1988,BIZ,,
1988,BOL,,
1988,BOT,,
1988,BRA,,
1988,BRN,,
1988,BUL,,
1988,BUR,,
1988,CAF,,
1988,CAN,,
1988,CAY,,
1988,CGO,,
1988,CHA,,
1988,CHI,,
1988,CHN,,
1988,CIV,,
1988,CMR,,
1988,COD,,
1988,COK,,
1988,COL,,
1988,CRC,,在Swimming_Women's_200_metres_Freestyle项目中获得Silver奖牌
1988,CYP,,
1988,DEN,,
1988,DJI,,在Athletics_Men's_Marathon项目中获得Bronze奖牌
1988,DOM,,
1988,ECU,,
1988,EGY,,
1988,ESA,,
1988,ESP,,
1988,FIJ,,
1988,FIN,,
1988,FRA,,
1988,FRG,,
1988,GAB,,
1988,GAM,,
1988,GBR,,
1988,GDR,,
1988,GEQ,,
1988,GHA,,
1988,GRE,,
1988,GRN,,
1988,GUA,,
1988,GUI,,
1988,GUM,,
1988,GUY,,
1988,HAI,,
1988,HKG,,
1988,HON,,
1988,HUN,,
1988,INA,,在Archery_Women's_Team项目中获得Silver奖牌
1988,IND,,
1988,IRI,,
1988,IRL,,
1988,IRQ,,
1988,ISL,,
1988,ISR,,
1988,ISV,,在Sailing_Mixed_One_Person_Dinghy项目中获得Silver奖牌
1988,ITA,,
1988,IVB,,
1988,JAM,,
1988,JOR,,
1988,JPN,,
1988,KEN,,
1988,KOR,,
1988,KSA,,
1988,KUW,,
1988,LAO,,
1988,LBA,,
1988,LBR,,
1988,LES,,
1988,LIB,,
1988,LIE,,
1988,LUX,,
1988,MAR,,
1988,MAS,,
1988,MAW,,
1988,MDV,,
1988,MEX,,
1988,MGL,,
1988,MLI,,
1988,MLT,,
1988,MON,,
1988,MOZ,,
1988,MRI,,
1988,MTN,,
1988,MYA,,
1988,NED,,
1988,NEP,,
1988,NGR,,
1988,NIG,,
1988,NOR,,
1988,NZL,,
1988,OMA,,
1988,PAK,,
1988,PAN,,
1988,PAR,,
1988,PER,,
1988,PHI,,
1988,PNG,,
1988,POL,,
1988,POR,,
1988,PUR,,
1988,QAT,,
1988,ROU,,
1988,RWA,,
1988,SAM,,
1988,SEN,,在Athletics_Men's_400_metres_Hurdles项目中获得Silver奖牌
1988,SGP,,
1988,SLE,,
1988,SMR,,
1988,SOL,,
1988,SOM,,
1988,SRI,,
1988,SUD,,
1988,SUI,,
1988,SUR,,在Swimming_Men's_100_metres_Butterfly项目中获得Gold奖牌
1988,SWE,,
1988,SWZ,,
1988,SYR,,
1988,TAN,,
1988,TCH,,
1988,TGA,,
1988,THA,,
1988,TOG,,
1988,TPE,,
1988,TTO,,
1988,TUN,,
1988,TUR,,
1988,UAE,,
1988,UGA,,
1988,URS,,
1988,URU,,
1988,USA,,
1988,VAN,,
1988,VEN,,
1988,VIE,,
1988,VIN,,
1988,YAR,,
1988,YMD,,
1988,YUG,,
1988,ZAM,,
1988,ZIM,,
1992,AHO,,
1992,ALB,,
1992,ALG,,
1992,AND,,
1992,ANG,,
1992,ANT,,
1992,ARG,,
1992,ARU,,
1992,ASA,,
1992,AUS,,
1992,AUT,,
1992,BAH,,
1992,BAN,,
1992,BAR,,
1992,BEL,,
1992,BEN,,
1992,BER,,
1992,BHU,,
1992,BIH,,
1992,BIZ,,
1992,BOL,,
1992,BOT,,
1992,BRA,,
1992,BRN,,
1992,BUL,,
1992,BUR,,
1992,CAF,,
1992,CAN,,
1992,CAY,,
1992,CGO,,
1992,CHA,,
1992,CHI,,
1992,CHN,,
1992,CIV,,
1992,CMR,,
1992,COD,,
1992,COK,,
1992,COL,,
1992,CRC,,
1992,CRO,,
1992,CUB,,
1992,CYP,,
1992,DEN,,
1992,DJI,,
1992,DOM,,
1992,ECU,,
1992,EGY,,
1992,ESA,,
1992,ESP,,
1992,EST,,
1992,ETH,,
1992,EUN,,
1992,FIJ,,
1992,FIN,,
1992,FRA,,
1992,GAB,,
1992,GAM,,
1992,GBR,,
1992,GEQ,,
1992,GER,,
1992,GHA,,
1992,GRE,,
1992,GRN,,
1992,GUA,,
1992,GUI,,
1992,GUM,,
1992,GUY,,
1992,HAI,,
1992,HKG,,
1992,HON,,
1992,HUN,,
1992,INA,,
1992,IND,,
1992,IOA,,
1992,IRI,,
1992,IRL,,
1992,IRQ,,
1992,ISL,,
1992,ISR,,在Judo_Men's_Lightweight项目中获得Bronze奖牌；在Judo_Women's_Half_Middleweight项目中获得Silver奖牌
1992,ISV,,
1992,ITA,,
1992,IVB,,
1992,JAM,,
1992,JOR,,
1992,JPN,,
1992,KEN,,
1992,KOR,,
1992,KSA,,
1992,KUW,,
1992,LAO,,
1992,LAT,,
1992,LBA,,
1992,LES,,
1992,LIB,,
1992,LIE,,
1992,LTU,,在Athletics_Men's_Discus_Throw项目中获得Gold奖牌；在Basketball_Men's_Basketball项目中获得Bronze奖牌
1992,LUX,,
1992,MAD,,
1992,MAR,,
1992,MAS,,在Badminton_Men's_Doubles项目中获得Bronze奖牌
1992,MAW,,
1992,MDV,,
1992,MEX,,
1992,MGL,,
1992,MLI,,
1992,MLT,,
1992,MON,,
1992,MOZ,,
1992,MRI,,
1992,MTN,,
1992,MYA,,
1992,NAM,,
1992,NCA,,
1992,NED,,
1992,NEP,,
1992,NGR,,
1992,NIG,,
1992,NOR,,
1992,NZL,,
1992,OMA,,
1992,PAK,,
1992,PAN,,
1992,PAR,,
1992,PER,,
1992,PHI,,
1992,PNG,,
1992,POL,,
1992,POR,,
1992,PRK,,
1992,PUR,,
1992,QAT,,"在Athletics_Men's_1,500_metres项目中获得Bronze奖牌"
1992,ROU,,
1992,RSA,,
1992,RWA,,
1992,SAM,,
1992,SEN,,
1992,SEY,,
1992,SGP,,
1992,SLE,,
1992,SLO,,
1992,SMR,,
1992,SOL,,
1992,SRI,,
1992,SUD,,
1992,SUI,,
1992,SUR,,
1992,SWE,,
1992,SWZ,,
1992,SYR,,
1992,TAN,,
1992,TCH,,
1992,TGA,,
1992,THA,,
1992,TOG,,
1992,TPE,,
1992,TTO,,
1992,TUN,,
1992,TUR,,
1992,UAE,,
1992,UGA,,
1992,URU,,
1992,USA,,
1992,VAN,,
1992,VEN,,
1992,VIE,,
1992,VIN,,
1992,YEM,,
1992,ZAM,,
1992,ZIM,,
1996,AFG,,
1996,AHO,,
1996,ALB,,
1996,ALG,,
1996,AND,,
1996,ANG,,
1996,ANT,,
1996,ARG,,
1996,ARM,,
1996,ARU,,
1996,ASA,,
1996,AUS,,
1996,AUT,,
1996,AZE,,
1996,BAH,,
1996,BAN,,
1996,BAR,,
1996,BDI,,
1996,BEL,,
1996,BEN,,
1996,BER,,
1996,BHU,,
1996,BIH,,
1996,BIZ,,
1996,BLR,,
1996,BOL,,
1996,BOT,,
1996,BRA,,
1996,BRN,,
1996,BRU,,
1996,BUL,,
1996,BUR,,
1996,CAF,,
1996,CAM,,
1996,CAN,,
1996,CAY,,
1996,CGO,,
1996,CHA,,
1996,CHI,,
1996,CHN,,
1996,CIV,,
1996,CMR,,
1996,COD,,
1996,COK,,
1996,COL,,
1996,COM,,
1996,CPV,,
1996,CRC,,
1996,CRO,,
1996,CUB,,
1996,CYP,,
1996,CZE,,
1996,DEN,,
1996,DJI,,
1996,DMA,,
1996,DOM,,
1996,ECU,,在Athletics_Men's_20_kilometres_Walk项目中获得Gold奖牌
1996,EGY,,
1996,ESA,,
1996,ESP,,
1996,EST,,
1996,ETH,,
1996,FIJ,,
1996,FIN,,
1996,FRA,,
1996,GAB,,
1996,GAM,,
1996,GBR,,
1996,GBS,,
1996,GEO,,
1996,GEQ,,
1996,GER,,
1996,GHA,,
1996,GRE,,
1996,GRN,,
1996,GUA,,
1996,GUI,,
1996,GUM,,
1996,GUY,,
1996,HAI,,
1996,HKG,,在Sailing_Women's_Windsurfer项目中获得Gold奖牌
1996,HON,,
1996,HUN,,
1996,INA,,
1996,IND,,
1996,IRI,,
1996,IRL,,
1996,IRQ,,
1996,ISL,,
1996,ISR,,
1996,ISV,,
1996,ITA,,
1996,IVB,,
1996,JAM,,
1996,JOR,,
1996,JPN,,
1996,KAZ,,
1996,KEN,,
1996,KGZ,,
1996,KOR,,
1996,KSA,,
1996,KUW,,
1996,LAO,,
1996,LAT,,
1996,LBA,,
1996,LBR,,
1996,LCA,,
1996,LES,,
1996,LIB,,
1996,LIE,,
1996,LTU,,
1996,LUX,,
1996,MAD,,
1996,MAR,,
1996,MAS,,
1996,MAW,,
1996,MDA,,
1996,MDV,,
1996,MEX,,
1996,MGL,,
1996,MKD,,
1996,MLI,,
1996,MLT,,
1996,MON,,
1996,MOZ,,在Athletics_Women's_800_metres项目中获得Bronze奖牌
1996,MRI,,
1996,MTN,,
1996,MYA,,
1996,NAM,,
1996,NCA,,
1996,NED,,
1996,NEP,,
1996,NGR,,
1996,NIG,,
1996,NOR,,
1996,NRU,,
1996,NZL,,
1996,OMA,,
1996,PAK,,
1996,PAN,,
1996,PAR,,
1996,PER,,
1996,PHI,,
1996,PLE,,
1996,PNG,,
1996,POL,,
1996,POR,,
1996,PRK,,
1996,PUR,,
1996,QAT,,
1996,ROU,,
1996,RSA,,
1996,RUS,,
1996,RWA,,
1996,SAM,,
1996,SCG,,
1996,SEN,,
1996,SEY,,
1996,SGP,,
1996,SKN,,
1996,SLE,,
1996,SLO,,
1996,SMR,,
1996,SOL,,
1996,SOM,,
1996,SRI,,
1996,STP,,
1996,SUD,,
1996,SUI,,
1996,SUR,,
1996,SVK,,
1996,SWE,,
1996,SWZ,,
1996,SYR,,
1996,TAN,,
1996,TGA,,在Boxing_Men's_Super_Heavyweight项目中获得Silver奖牌
1996,THA,,
1996,TJK,,
1996,TKM,,
1996,TOG,,
1996,TPE,,
1996,TTO,,
1996,TUN,,
1996,TUR,,
1996,UAE,,
1996,UGA,,
1996,UKR,,
1996,URU,,
1996,USA,,
1996,UZB,,
1996,VAN,,
1996,VEN,,
1996,VIE,,
1996,VIN,,
1996,YEM,,
1996,ZAM,,
1996,ZIM,,
2000,AHO,,
2000,ALB,,
2000,ALG,,
2000,AND,,
2000,ANG,,
2000,ANT,,
2000,ARG,,
2000,ARM,,
2000,ARU,,
2000,ASA,,
2000,AUS,,
2000,AUT,,
2000,AZE,,
2000,BAH,,
2000,BAN,,
2000,BAR,,在Athletics_Men's_100_metres项目中获得Bronze奖牌
2000,BDI,,
2000,BEL,,
2000,BEN,,
2000,BER,,
2000,BHU,,
2000,BIH,,
2000,BIZ,,
2000,BLR,,
2000,BOL,,
2000,BOT,,
2000,BRA,,
2000,BRN,,
2000,BRU,,
2000,BUL,,
2000,BUR,,
2000,CAF,,
2000,CAM,,
2000,CAN,,
2000,CAY,,
2000,CGO,,
2000,CHA,,
2000,CHI,,
2000,CHN,,
2000,CIV,,
2000,CMR,,
2000,COD,,
2000,COK,,
2000,COL,,
2000,COM,,
2000,CPV,,
2000,CRC,,
2000,CRO,,
2000,CUB,,
2000,CYP,,
2000,CZE,,
2000,DEN,,
2000,DJI,,
2000,DMA,,
2000,DOM,,
2000,ECU,,
2000,EGY,,
2000,ERI,,
2000,ESA,,
2000,ESP,,
2000,EST,,
2000,ETH,,
2000,FIJ,,
2000,FIN,,
2000,FRA,,
2000,FSM,,
2000,GAB,,
2000,GAM,,
2000,GBR,,
2000,GBS,,
2000,GEO,,
2000,GEQ,,
2000,GER,,
2000,GHA,,
2000,GRE,,
2000,GRN,,
2000,GUA,,
2000,GUI,,
2000,GUM,,
2000,GUY,,
2000,HAI,,
2000,HKG,,
2000,HON,,
2000,HUN,,
2000,INA,,
2000,IND,,
2000,IOA,,
2000,IRI,,
2000,IRL,,
2000,IRQ,,
2000,ISL,,
2000,ISR,,
2000,ISV,,
2000,ITA,,
2000,IVB,,
2000,JAM,,
2000,JOR,,
2000,JPN,,
2000,KAZ,,
2000,KEN,,
2000,KGZ,,在Judo_Men's_Extra_Lightweight项目中获得Bronze奖牌
2000,KOR,,
2000,KSA,,"在Athletics_Men's_400_metres_Hurdles项目中获得Silver奖牌；在Equestrianism_Mixed_Jumping,_Individual项目中获得Bronze奖牌"
2000,KUW,,在Shooting_Men's_Double_Trap项目中获得Bronze奖牌
2000,LAO,,
2000,LAT,,
2000,LBA,,
2000,LBR,,
2000,LCA,,
2000,LES,,
2000,LIB,,
2000,LIE,,
2000,LTU,,
2000,LUX,,
2000,MAD,,
2000,MAR,,
2000,MAS,,
2000,MAW,,
2000,MDA,,
2000,MDV,,
2000,MEX,,
2000,MGL,,
2000,MKD,,"在Wrestling_Men's_Light_Heavyweight,_Freestyle项目中获得Bronze奖牌"
2000,MLI,,
2000,MLT,,
2000,MON,,
2000,MOZ,,
2000,MRI,,
2000,MTN,,
2000,MYA,,
2000,NAM,,
2000,NCA,,
2000,NED,,
2000,NEP,,
2000,NGR,,
2000,NIG,,
2000,NOR,,
2000,NRU,,
2000,NZL,,
2000,OMA,,
2000,PAK,,
2000,PAN,,
2000,PAR,,
2000,PER,,
2000,PHI,,
2000,PLE,,
2000,PLW,,
2000,PNG,,
2000,POL,,
2000,POR,,
2000,PRK,,
2000,PUR,,
2000,QAT,,
2000,ROU,,
2000,RSA,,
2000,RUS,,
2000,RWA,,
2000,SAM,,
2000,SCG,,
2000,SEN,,
2000,SEY,,
2000,SGP,,
2000,SKN,,
2000,SLE,,
2000,SLO,,
2000,SMR,,
2000,SOL,,
2000,SOM,,
2000,SRI,,
2000,STP,,
2000,SUD,,
2000,SUI,,
2000,SUR,,
2000,SVK,,
2000,SWE,,
2000,SWZ,,
2000,SYR,,
2000,TAN,,
2000,TGA,,
2000,THA,,
2000,TJK,,
2000,TKM,,
2000,TOG,,
2000,TPE,,
2000,TTO,,
2000,TUN,,
2000,TUR,,
2000,UAE,,
2000,UGA,,
2000,UKR,,
2000,URU,,
2000,USA,,
2000,UZB,,
2000,VAN,,
2000,VEN,,
2000,VIE,,在Taekwondo_Women's_Featherweight项目中获得Silver奖牌
2000,VIN,,
2000,YEM,,
2000,ZAM,,
2000,ZIM,,
2004,AFG,,
2004,AHO,,
2004,ALB,,
2004,ALG,,
2004,AND,,
2004,ANG,,
2004,ANT,,
2004,ARG,,
2004,ARM,,
2004,ARU,,
2004,ASA,,
2004,AUS,,
2004,AUT,,
2004,AZE,,
2004,BAH,,
2004,BAN,,
2004,BAR,,
2004,BDI,,
2004,BEL,,
2004,BEN,,
2004,BER,,
2004,BHU,,
2004,BIH,,
2004,BIZ,,
2004,BLR,,
2004,BOL,,
2004,BOT,,
2004,BRA,,
2004,BRN,,
2004,BRU,,
2004,BUL,,
2004,BUR,,
2004,CAF,,
2004,CAM,,
2004,CAN,,
2004,CAY,,
2004,CGO,,
2004,CHA,,
2004,CHI,,
2004,CHN,,
2004,CIV,,
2004,CMR,,
2004,COD,,
2004,COK,,
2004,COL,,
2004,COM,,
2004,CPV,,
2004,CRC,,
2004,CRO,,
2004,CUB,,
2004,CYP,,
2004,CZE,,
2004,DEN,,
2004,DMA,,
2004,DOM,,
2004,ECU,,
2004,EGY,,
2004,ERI,,"在Athletics_Men's_10,000_metres项目中获得Bronze奖牌"
2004,ESA,,
2004,ESP,,
2004,EST,,
2004,ETH,,
2004,FIJ,,
2004,FIN,,
2004,FRA,,
2004,FSM,,
2004,GAB,,
2004,GAM,,
2004,GBR,,
2004,GBS,,
2004,GEO,,
2004,GEQ,,
2004,GER,,
2004,GHA,,
2004,GRE,,
2004,GRN,,
2004,GUA,,
2004,GUI,,
2004,GUM,,
2004,GUY,,
2004,HAI,,
2004,HKG,,
2004,HON,,
2004,HUN,,
2004,INA,,
2004,IND,,
2004,IRI,,
2004,IRL,,
2004,IRQ,,
2004,ISL,,
2004,ISR,,
2004,ISV,,
2004,ITA,,
2004,IVB,,
2004,JAM,,
2004,JOR,,
2004,JPN,,
2004,KAZ,,
2004,KEN,,
2004,KGZ,,
2004,KIR,,
2004,KOR,,
2004,KSA,,
2004,KUW,,
2004,LAO,,
2004,LAT,,
2004,LBA,,
2004,LBR,,
2004,LCA,,
2004,LES,,
2004,LIB,,
2004,LIE,,
2004,LTU,,
2004,LUX,,
2004,MAD,,
2004,MAR,,
2004,MAS,,
2004,MAW,,
2004,MDA,,
2004,MDV,,
2004,MEX,,
2004,MGL,,
2004,MKD,,
2004,MLI,,
2004,MLT,,
2004,MON,,
2004,MOZ,,
2004,MRI,,
2004,MTN,,
2004,MYA,,
2004,NAM,,
2004,NCA,,
2004,NED,,
2004,NEP,,
2004,NGR,,
2004,NIG,,
2004,NOR,,
2004,NRU,,
2004,NZL,,
2004,OMA,,
2004,PAK,,
2004,PAN,,
2004,PAR,,在Football_Men's_Football项目中获得Silver奖牌
2004,PER,,
2004,PHI,,
2004,PLE,,
2004,PLW,,
2004,PNG,,
2004,POL,,
2004,POR,,
2004,PRK,,
2004,PUR,,
2004,QAT,,
2004,ROU,,
2004,RSA,,
2004,RUS,,
2004,RWA,,
2004,SAM,,
2004,SCG,,
2004,SEN,,
2004,SEY,,
2004,SGP,,
2004,SKN,,
2004,SLE,,
2004,SLO,,
2004,SMR,,
2004,SOL,,
2004,SOM,,
2004,SRI,,
2004,STP,,
2004,SUD,,
2004,SUI,,
2004,SUR,,
2004,SVK,,
2004,SWE,,
2004,SWZ,,
2004,SYR,,
2004,TAN,,
2004,TGA,,
2004,THA,,
2004,TJK,,
2004,TKM,,
2004,TLS,,
2004,TOG,,
2004,TPE,,
2004,TTO,,
2004,TUN,,
2004,TUR,,
2004,UAE,,在Shooting_Men's_Double_Trap项目中获得Gold奖牌
2004,UGA,,
2004,UKR,,
2004,URU,,
2004,USA,,
2004,UZB,,
2004,VAN,,
2004,VEN,,
2004,VIE,,
2004,VIN,,
2004,YEM,,
2004,ZAM,,
2004,ZIM,,
2008,AFG,,在Taekwondo_Men's_Flyweight项目中获得Bronze奖牌
2008,AHO,,
2008,ALB,,
2008,ALG,,
2008,AND,,
2008,ANG,,
2008,ANT,,
2008,ARG,,
2008,ARM,,
2008,ARU,,
2008,ASA,,
2008,AUS,,
2008,AUT,,
2008,AZE,,
2008,BAH,,
2008,BAN,,
2008,BAR,,
2008,BDI,,
2008,BEL,,
2008,BEN,,
2008,BER,,
2008,BHU,,
2008,BIH,,
2008,BIZ,,
2008,BLR,,
2008,BOL,,
2008,BOT,,
2008,BRA,,
2008,BRN,,
2008,BUL,,
2008,BUR,,
2008,CAF,,
2008,CAM,,
2008,CAN,,
2008,CAY,,
2008,CGO,,
2008,CHA,,
2008,CHI,,
2008,CHN,,
2008,CIV,,
2008,CMR,,
2008,COD,,
2008,COK,,
2008,COL,,
2008,COM,,
2008,CPV,,
2008,CRC,,
2008,CRO,,
2008,CUB,,
2008,CYP,,
2008,CZE,,
2008,DEN,,
2008,DJI,,
2008,DMA,,
2008,DOM,,
2008,ECU,,
2008,EGY,,
2008,ERI,,
2008,ESA,,
2008,ESP,,
2008,EST,,
2008,ETH,,
2008,FIJ,,
2008,FIN,,
2008,FRA,,
2008,FSM,,
2008,GAB,,
2008,GAM,,
2008,GBR,,
2008,GBS,,
2008,GEO,,
2008,GEQ,,
2008,GER,,
2008,GHA,,
2008,GRE,,
2008,GRN,,
2008,GUA,,
2008,GUI,,
2008,GUM,,
2008,GUY,,
2008,HAI,,
2008,HKG,,
2008,HON,,
2008,HUN,,
2008,INA,,
2008,IND,,
2008,IRI,,
2008,IRL,,
2008,IRQ,,
2008,ISL,,
2008,ISR,,
2008,ISV,,
2008,ITA,,
2008,IVB,,
2008,JAM,,
2008,JOR,,
2008,JPN,,
2008,KAZ,,
2008,KEN,,
2008,KGZ,,
2008,KIR,,
2008,KOR,,
2008,KSA,,
2008,KUW,,
2008,LAO,,
2008,LAT,,
2008,LBA,,
2008,LBR,,
2008,LCA,,
2008,LES,,
2008,LIB,,
2008,LIE,,
2008,LTU,,
2008,LUX,,
2008,MAD,,
2008,MAR,,
2008,MAS,,
2008,MAW,,
2008,MDA,,
2008,MDV,,
2008,MEX,,
2008,MGL,,
2008,MHL,,
2008,MKD,,
2008,MLI,,
2008,MLT,,
2008,MNE,,
2008,MON,,
2008,MOZ,,
2008,MRI,,在Boxing_Men's_Bantamweight项目中获得Bronze奖牌
2008,MTN,,
2008,MYA,,
2008,NAM,,
2008,NCA,,
2008,NED,,
2008,NEP,,
2008,NGR,,
2008,NIG,,
2008,NOR,,
2008,NRU,,
2008,NZL,,
2008,OMA,,
2008,PAK,,
2008,PAN,,
2008,PAR,,
2008,PER,,
2008,PHI,,
2008,PLE,,
2008,PLW,,
2008,PNG,,
2008,POL,,
2008,POR,,
2008,PRK,,
2008,PUR,,
2008,QAT,,
2008,ROU,,
2008,RSA,,
2008,RUS,,
2008,RWA,,
2008,SAM,,
2008,SEN,,
2008,SEY,,
2008,SGP,,
2008,SKN,,
2008,SLE,,
2008,SLO,,
2008,SMR,,
2008,SOL,,
2008,SOM,,
2008,SRB,,在Swimming_Men's_100_metres_Butterfly项目中获得Silver奖牌；在Water_Polo_Men's_Water_Polo项目中获得Bronze奖牌；在Tennis_Men's_Singles项目中获得Bronze奖牌
2008,SRI,,
2008,STP,,
2008,SUD,,在Athletics_Men's_800_metres项目中获得Silver奖牌
2008,SUI,,
2008,SUR,,
2008,SVK,,
2008,SWE,,
2008,SWZ,,
2008,SYR,,
2008,TAN,,
2008,TGA,,
2008,THA,,
2008,TJK,,"在Wrestling_Men's_Light_Heavyweight,_Freestyle项目中获得Silver奖牌；在Judo_Men's_Lightweight项目中获得Bronze奖牌"
2008,TKM,,
2008,TLS,,
2008,TOG,,"在Canoeing_Men's_Kayak_Singles,_Slalom项目中获得Bronze奖牌"
2008,TPE,,
2008,TTO,,
2008,TUN,,
2008,TUR,,
2008,TUV,,
2008,UAE,,
2008,UGA,,
2008,UKR,,
2008,URU,,
2008,USA,,
2008,UZB,,
2008,VAN,,
2008,VEN,,
2008,VIE,,
2008,VIN,,
2008,YEM,,
2008,ZAM,,
2008,ZIM,,
2012,AFG,,
2012,ALB,,
2012,ALG,,
2012,AND,,
2012,ANG,,
2012,ANT,,
2012,ARG,,
2012,ARM,,
2012,ARU,,
2012,ASA,,
2012,AUS,,
2012,AUT,,
2012,AZE,,
2012,BAH,,
2012,BAN,,
2012,BAR,,
2012,BDI,,
2012,BEL,,
2012,BEN,,
2012,BER,,
2012,BHU,,
2012,BIH,,
2012,BIZ,,
2012,BLR,,
2012,BOL,,
2012,BOT,,在Athletics_Men's_800_metres项目中获得Silver奖牌
2012,BRA,,
2012,BRN,,"在Athletics_Women's_1,500_metres项目中获得Bronze奖牌"
2012,BRU,,
2012,BUL,,
2012,BUR,,
2012,CAF,,
2012,CAM,,
2012,CAN,,
2012,CAY,,
2012,CGO,,
2012,CHA,,
2012,CHI,,
2012,CHN,,
2012,CIV,,
2012,CMR,,
2012,COD,,
2012,COK,,
2012,COL,,
2012,COM,,
2012,CPV,,
2012,CRC,,
2012,CRO,,
2012,CUB,,
2012,CYP,,在Sailing_Men's_One_Person_Dinghy项目中获得Silver奖牌
2012,CZE,,
2012,DEN,,
2012,DJI,,
2012,DMA,,
2012,DOM,,
2012,ECU,,
2012,EGY,,
2012,ERI,,
2012,ESA,,
2012,ESP,,
2012,EST,,
2012,ETH,,
2012,FIJ,,
2012,FIN,,
2012,FRA,,
2012,FSM,,
2012,GAB,,在Taekwondo_Men's_Heavyweight项目中获得Silver奖牌
2012,GAM,,
2012,GBR,,
2012,GBS,,
2012,GEO,,
2012,GEQ,,
2012,GER,,
2012,GHA,,
2012,GRE,,
2012,GRN,,在Athletics_Men's_400_metres项目中获得Gold奖牌
2012,GUA,,在Athletics_Men's_20_kilometres_Walk项目中获得Silver奖牌
2012,GUI,,
2012,GUM,,
2012,GUY,,
2012,HAI,,
2012,HKG,,
2012,HON,,
2012,HUN,,
2012,INA,,
2012,IND,,
2012,IOA,,
2012,IRI,,
2012,IRL,,
2012,IRQ,,
2012,ISL,,
2012,ISR,,
2012,ISV,,
2012,ITA,,
2012,IVB,,
2012,JAM,,
2012,JOR,,
2012,JPN,,
2012,KAZ,,
2012,KEN,,
2012,KGZ,,
2012,KIR,,
2012,KOR,,
2012,KSA,,
2012,KUW,,
2012,LAO,,
2012,LAT,,
2012,LBA,,
2012,LBR,,
2012,LCA,,
2012,LES,,
2012,LIB,,
2012,LIE,,
2012,LTU,,
2012,LUX,,
2012,MAD,,
2012,MAR,,
2012,MAS,,
2012,MAW,,
2012,MDA,,
2012,MDV,,
2012,MEX,,
2012,MGL,,
2012,MHL,,
2012,MKD,,
2012,MLI,,
2012,MLT,,
2012,MNE,,在Handball_Women's_Handball项目中获得Silver奖牌
2012,MON,,
2012,MOZ,,
2012,MRI,,
2012,MTN,,
2012,MYA,,
2012,NAM,,
2012,NCA,,
2012,NED,,
2012,NEP,,
2012,NGR,,
2012,NIG,,
2012,NOR,,
2012,NRU,,
2012,NZL,,
2012,OMA,,
2012,PAK,,
2012,PAN,,
2012,PAR,,
2012,PER,,
2012,PHI,,
2012,PLE,,
2012,PLW,,
2012,PNG,,
2012,POL,,
2012,POR,,
2012,PRK,,
2012,PUR,,
2012,QAT,,
2012,ROU,,
2012,RSA,,
2012,RUS,,
2012,RWA,,
2012,SAM,,
2012,SEN,,
2012,SEY,,
2012,SGP,,
2012,SKN,,
2012,SLE,,
2012,SLO,,
2012,SMR,,
2012,SOL,,
2012,SOM,,
2012,SRB,,
2012,SRI,,
2012,STP,,
2012,SUD,,
2012,SUI,,
2012,SUR,,
2012,SVK,,
2012,SWE,,
2012,SWZ,,
2012,SYR,,
2012,TAN,,
2012,TGA,,
2012,THA,,
2012,TJK,,
2012,TKM,,
2012,TLS,,
2012,TOG,,
2012,TPE,,
2012,TTO,,
2012,TUN,,
2012,TUR,,
2012,TUV,,
2012,UAE,,
2012,UGA,,
2012,UKR,,
2012,URU,,
2012,USA,,
2012,UZB,,
2012,VAN,,
2012,VEN,,
2012,VIE,,
2012,VIN,,
2012,YEM,,
2012,ZAM,,
2012,ZIM,,
2016,AFG,,
2016,ALB,,
2016,ALG,,
2016,AND,,
2016,ANG,,
2016,ANT,,
2016,ARG,,
2016,ARM,,
2016,ARU,,
2016,ASA,,
2016,AUS,,
2016,AUT,,
2016,AZE,,
2016,BAH,,
2016,BAN,,
2016,BAR,,
2016,BDI,,
2016,BEL,,
2016,BEN,,
2016,BER,,
2016,BHU,,
2016,BIH,,
2016,BIZ,,
2016,BLR,,
2016,BOL,,
2016,BOT,,
2016,BRA,,
2016,BRN,,
2016,BRU,,
2016,BUL,,
2016,BUR,,
2016,CAF,,
2016,CAM,,
2016,CAN,,
2016,CAY,,
2016,CGO,,
2016,CHA,,
2016,CHI,,
2016,CHN,,
2016,CIV,,
2016,CMR,,
2016,COD,,
2016,COK,,
2016,COL,,
2016,COM,,
2016,CPV,,
2016,CRC,,
2016,CRO,,
2016,CUB,,
2016,CYP,,
2016,CZE,,
2016,DEN,,
2016,DJI,,
2016,DMA,,
2016,DOM,,
2016,ECU,,
2016,EGY,,
2016,ERI,,
2016,ESA,,
2016,ESP,,
2016,EST,,
2016,ETH,,
2016,FIJ,,在Rugby_Sevens_Men's_Rugby_Sevens项目中获得Gold奖牌
2016,FIN,,
2016,FRA,,
2016,FSM,,
2016,GAB,,
2016,GAM,,
2016,GBR,,
2016,GBS,,
2016,GEO,,
2016,GEQ,,
2016,GER,,
2016,GHA,,
2016,GRE,,
2016,GRN,,
2016,GUA,,
2016,GUI,,
2016,GUM,,
2016,GUY,,
2016,HAI,,
2016,HKG,,
2016,HON,,
2016,HUN,,
2016,INA,,
2016,IND,,
2016,IOA,,
2016,IRI,,
2016,IRL,,
2016,IRQ,,
2016,ISL,,
2016,ISR,,
2016,ISV,,
2016,ITA,,
2016,IVB,,
2016,JAM,,
2016,JOR,,在Taekwondo_Men's_Featherweight项目中获得Gold奖牌
2016,JPN,,
2016,KAZ,,
2016,KEN,,
2016,KGZ,,
2016,KIR,,
2016,KOR,,
2016,KOS,,
2016,KSA,,
2016,LAO,,
2016,LAT,,
2016,LBA,,
2016,LBR,,
2016,LCA,,
2016,LES,,
2016,LIB,,
2016,LIE,,
2016,LTU,,
2016,LUX,,
2016,MAD,,
2016,MAR,,
2016,MAS,,
2016,MAW,,
2016,MDA,,
2016,MDV,,
2016,MEX,,
2016,MGL,,
2016,MHL,,
2016,MKD,,
2016,MLI,,
2016,MLT,,
2016,MNE,,
2016,MON,,
2016,MOZ,,
2016,MRI,,
2016,MTN,,
2016,MYA,,
2016,NAM,,
2016,NCA,,
2016,NED,,
2016,NEP,,
2016,NGR,,
2016,NIG,,
2016,NOR,,
2016,NRU,,
2016,NZL,,
2016,OMA,,
2016,PAK,,
2016,PAN,,
2016,PAR,,
2016,PER,,
2016,PHI,,
2016,PLE,,
2016,PLW,,
2016,PNG,,
2016,POL,,
2016,POR,,
2016,PRK,,
2016,PUR,,
2016,QAT,,
2016,ROT,,
2016,ROU,,
2016,RSA,,
2016,RUS,,
2016,RWA,,
2016,SAM,,
2016,SEN,,
2016,SEY,,
2016,SGP,,
2016,SKN,,
2016,SLE,,
2016,SLO,,
2016,SMR,,
2016,SOL,,
2016,SOM,,
2016,SRB,,
2016,SRI,,
2016,SSD,,
2016,STP,,
2016,SUD,,
2016,SUI,,
2016,SUR,,
2016,SVK,,
2016,SWE,,
2016,SWZ,,
2016,SYR,,
2016,TAN,,
2016,TGA,,
2016,THA,,
2016,TJK,,
2016,TKM,,
2016,TLS,,
2016,TOG,,
2016,TPE,,
2016,TTO,,
2016,TUN,,
2016,TUR,,
2016,TUV,,
2016,UAE,,
2016,UGA,,
2016,UKR,,
2016,URU,,
2016,USA,,
2016,UZB,,
2016,VAN,,
2016,VEN,,
2016,VIE,,
2016,VIN,,
2016,YEM,,
2016,ZAM,,
2016,ZIM,,
2020,AFG,,
2020,ALB,,
2020,ALG,,
2020,AND,,
2020,ANG,,
2020,ANT,,
2020,ARG,,
2020,ARM,,
2020,ARU,,
2020,ASA,,
2020,AUS,,
2020,AUT,,
2020,AZE,,
2020,BAH,,
2020,BAN,,
2020,BAR,,
2020,BDI,,
2020,BEL,,
2020,BEN,,
2020,BER,,
2020,BHU,,
2020,BIH,,
2020,BIZ,,
2020,BLR,,
2020,BOL,,
2020,BOT,,
2020,BRA,,
2020,BRN,,
2020,BRU,,
2020,BUL,,
2020,BUR,,在Men's_Triple_Jump项目中获得Bronze奖牌
2020,CAF,,
2020,CAM,,
2020,CAN,,
2020,CAY,,
2020,CGO,,
2020,CHA,,
2020,CHI,,
2020,CHN,,
2020,CIV,,
2020,CMR,,
2020,COD,,
2020,COK,,
2020,COL,,
2020,COM,,
2020,CPV,,
2020,CRC,,
2020,CRO,,
2020,CUB,,
2020,CYP,,
2020,CZE,,
2020,DEN,,
2020,DJI,,
2020,DMA,,
2020,DOM,,
2020,ECU,,
2020,EGY,,
2020,EOR,,
2020,ERI,,
2020,ESA,,
2020,ESP,,
2020,EST,,
2020,ETH,,
2020,FIJ,,
2020,FIN,,
2020,FRA,,
2020,FSM,,
2020,GAB,,
2020,GAM,,
2020,GBR,,
2020,GBS,,
2020,GEO,,
2020,GEQ,,
2020,GER,,
2020,GHA,,
2020,GRE,,
2020,GRN,,
2020,GUA,,
2020,GUI,,
2020,GUM,,
2020,GUY,,
2020,HAI,,
2020,HKG,,
2020,HON,,
2020,HUN,,
2020,INA,,
2020,IND,,
2020,IRI,,
2020,IRL,,
2020,IRQ,,
2020,ISL,,
2020,ISR,,
2020,ISV,,
2020,ITA,,
2020,IVB,,
2020,JAM,,
2020,JOR,,
2020,JPN,,
2020,KAZ,,
2020,KEN,,
2020,KGZ,,
2020,KIR,,
2020,KOR,,
2020,KOS,,
2020,KSA,,
2020,KUW,,
2020,LAO,,
2020,LAT,,
2020,LBA,,
2020,LBN,,
2020,LBR,,
2020,LCA,,
2020,LES,,
2020,LIE,,
2020,LTU,,
2020,LUX,,
2020,MAD,,
2020,MAR,,
2020,MAS,,
2020,MAW,,
2020,MDA,,
2020,MDV,,
2020,MEX,,
2020,MGL,,
2020,MHL,,
2020,MKD,,
2020,MLI,,
2020,MLT,,
2020,MNE,,
2020,MON,,
2020,MOZ,,
2020,MRI,,
2020,MTN,,
2020,MYA,,
2020,NAM,,
2020,NCA,,
2020,NED,,
2020,NEP,,
2020,NGR,,
2020,NIG,,
2020,NOR,,
2020,NRU,,
2020,NZL,,
2020,OMA,,
2020,PAK,,
2020,PAN,,
2020,PAR,,
2020,PER,,
2020,PHI,,
2020,PLE,,
2020,PLW,,
2020,PNG,,
2020,POL,,
2020,POR,,
2020,PUR,,
2020,QAT,,
2020,ROC,,
2020,ROU,,
2020,RSA,,
2020,RWA,,
2020,SAM,,
2020,SEN,,
2020,SEY,,
2020,SGP,,
2020,SKN,,
2020,SLE,,
2020,SLO,,
2020,SMR,,在Men's_Freestyle_86kg项目中获得Bronze奖牌；在Trap_Mixed_Team项目中获得Silver奖牌；在Trap_Women项目中获得Bronze奖牌
2020,SOL,,
2020,SOM,,
2020,SRB,,
2020,SRI,,
2020,SSD,,
2020,STP,,
2020,SUD,,
2020,SUI,,
2020,SUR,,
2020,SVK,,
2020,SWE,,
2020,SWZ,,
2020,SYR,,
2020,TAN,,
2020,TGA,,
2020,THA,,
2020,TJK,,
2020,TKM,,在Women's_59kg项目中获得Silver奖牌
2020,TLS,,
2020,TOG,,
2020,TPE,,
2020,TTO,,
2020,TUN,,
2020,TUR,,
2020,TUV,,
2020,UAE,,
2020,UGA,,
2020,UKR,,
2020,URU,,
2020,USA,,
2020,UZB,,
2020,VAN,,
2020,VEN,,
2020,VIE,,
2020,VIN,,
2020,YEM,,
2020,ZAM,,
2020,ZIM,,
2024,AFG,,
2024,AIN,,
2024,ALB,,在Men's_Freestyle_65kg项目中获得Bronze奖牌；在Men's_Freestyle_74kg项目中获得Bronze奖牌
2024,ALG,,
2024,AND,,
2024,ANG,,
2024,ANT,,
2024,ARG,,
2024,ARM,,
2024,ARU,,
2024,ASA,,
2024,AUS,,
2024,AUT,,
2024,AZE,,
2024,BAH,,
2024,BAN,,
2024,BAR,,
2024,BDI,,
2024,BEL,,
2024,BEN,,
2024,BER,,
2024,BHU,,
2024,BIH,,
2024,BIZ,,
2024,BOL,,
2024,BOT,,
2024,BRA,,
2024,BRN,,
2024,BRU,,
2024,BUL,,
2024,BUR,,
2024,CAF,,
2024,CAM,,
2024,CAN,,
2024,CAY,,
2024,CGO,,
2024,CHA,,
2024,CHI,,
2024,CHN,,
2024,CIV,,
2024,CMR,,
2024,COD,,
2024,COK,,
2024,COL,,
2024,COM,,
2024,CPV,,在Men's_51kg项目中获得Bronze奖牌
2024,CRC,,
2024,CRO,,
2024,CUB,,
2024,CYP,,
2024,CZE,,
2024,DEN,,
2024,DJI,,
2024,DMA,,在Women's_Triple_Jump项目中获得Gold奖牌
2024,DOM,,
2024,ECU,,
2024,EGY,,
2024,EOR,,在Women's_75kg项目中获得Bronze奖牌
2024,ERI,,
2024,ESA,,
2024,ESP,,
2024,EST,,
2024,ETH,,
2024,FIJ,,
2024,FIN,,
2024,FRA,,
2024,FSM,,
2024,GAB,,
2024,GAM,,
2024,GBR,,
2024,GBS,,
2024,GEO,,
2024,GEQ,,
2024,GER,,
2024,GHA,,
2024,GRE,,
2024,GRN,,
2024,GUA,,
2024,GUI,,
2024,GUM,,
2024,GUY,,
2024,HAI,,
2024,HKG,,
2024,HON,,
2024,HUN,,
2024,INA,,
2024,IND,,
2024,IRI,,
2024,IRL,,
2024,IRQ,,
2024,ISL,,
2024,ISR,,
2024,ISV,,
2024,ITA,,
2024,IVB,,
2024,JAM,,
2024,JOR,,
2024,JPN,,
2024,KAZ,,
2024,KEN,,
2024,KGZ,,
2024,KIR,,
2024,KOR,,
2024,KOS,,
2024,KSA,,
2024,KUW,,
2024,LAO,,
2024,LAT,,
2024,LBA,,
2024,LBN,,
2024,LBR,,
2024,LCA,,在Women's_100m项目中获得Gold奖牌；在Women's_200m项目中获得Silver奖牌
2024,LES,,
2024,LIE,,
2024,LTU,,
2024,LUX,,
2024,MAD,,
2024,MAR,,
2024,MAS,,
2024,MAW,,
2024,MDA,,
2024,MDV,,
2024,MEX,,
2024,MGL,,
2024,MHL,,
2024,MKD,,
2024,MLI,,
2024,MLT,,
2024,MNE,,
2024,MON,,
2024,MOZ,,
2024,MRI,,
2024,MTN,,
2024,MYA,,
2024,NAM,,
2024,NCA,,
2024,NED,,
2024,NEP,,
2024,NGR,,
2024,NIG,,
2024,NOR,,
2024,NRU,,
2024,NZL,,
2024,OMA,,
2024,PAK,,
2024,PAN,,
2024,PAR,,
2024,PER,,
2024,PHI,,
2024,PLE,,
2024,PLW,,
2024,PNG,,
2024,POL,,
2024,POR,,
2024,PRK,,
2024,PUR,,
2024,QAT,,
2024,ROU,,
2024,RSA,,
2024,RWA,,
2024,SAM,,
2024,SEN,,
2024,SEY,,
2024,SGP,,
2024,SKN,,
2024,SLE,,
2024,SLO,,
2024,SMR,,
2024,SOL,,
2024,SOM,,
2024,SRB,,
2024,SRI,,
2024,SSD,,
2024,STP,,
2024,SUD,,
2024,SUI,,
2024,SUR,,
2024,SVK,,
2024,SWE,,
2024,SWZ,,
2024,SYR,,
2024,TAN,,
2024,TGA,,
2024,THA,,
2024,TJK,,
2024,TKM,,
2024,TLS,,
2024,TOG,,
2024,TPE,,
2024,TTO,,
2024,TUN,,
2024,TUR,,
2024,TUV,,
2024,UAE,,
2024,UGA,,
2024,UKR,,
2024,URU,,
2024,USA,,
2024,UZB,,
2024,VAN,,
2024,VEN,,
2024,VIE,,
2024,VIN,,
2024,YEM,,
2024,ZAM,,
2024,ZIM,,
